Indicator,Region,Variable,Scenario,2020,2025,2030,2035,2040,2045,2050,2055,2060,2070,2080,2090,2100
Climate|Mean Air TemperatureCurrent Policies,United Kingdom,Climate|Mean Air Temperature,Current Policies,0.975216172,1.224147992,1.363326092,1.622382428,1.764212723,1.935282815,2.109186633,2.257854631,2.40164511,2.684922878,2.987613828,3.325219217,3.620794263
Climate|Mean Air TemperatureDelayed transition,United Kingdom,Climate|Mean Air Temperature,Delayed transition,0.975216172,1.224147992,1.363326092,1.622382428,1.622382428,1.764212723,1.764212723,1.764212723,1.764212723,1.622382428,1.622382428,1.622382428,1.622382428
Climate|Mean Air TemperatureNet Zero 2050,United Kingdom,Climate|Mean Air Temperature,Net Zero 2050,0.975216172,1.224147992,1.363326092,1.503063203,1.503063203,1.503063203,1.503063203,1.363326092,1.363326092,1.363326092,1.224147992,1.224147992,1.081143551
Climate|Mean Air TemperatureFragmented World,United Kingdom,Climate|Mean Air Temperature,Fragmented World,0.975216172,1.224147992,1.363326092,1.622382428,1.764212723,1.764212723,1.935282815,2.109186633,2.109186633,2.257854631,2.40164511,2.532281665,2.684922878
Climate|Mean Air TemperatureNationally Determined Contributions (NDCs),United Kingdom,Climate|Mean Air Temperature,Nationally Determined Contributions (NDCs),0.975216172,1.224147992,1.363326092,1.503063203,1.622382428,1.764212723,1.935282815,1.935282815,2.109186633,2.257854631,2.257854631,2.40164511,2.40164511
Climate|Mean Air TemperatureBelow 2°C,United Kingdom,Climate|Mean Air Temperature,Below 2°C,0.975216172,1.224147992,1.363326092,1.503063203,1.622382428,1.622382428,1.764212723,1.622382428,1.764212723,1.622382428,1.622382428,1.622382428,1.622382428
Climate|Mean Air TemperatureLow demand,United Kingdom,Climate|Mean Air Temperature,Low demand,0.975216172,1.224147992,1.363326092,1.503063203,1.503063203,1.363326092,1.363326092,1.224147992,1.224147992,1.081143551,0.975216172,0.830915503,0.830915503
Climate|PrecipitationCurrent Policies,United Kingdom,Climate|Precipitation,Current Policies,2.189339134,2.314976835,2.650350963,3.389846783,3.552645559,3.547253157,3.575570747,3.484816523,3.208824207,2.298285693,2.505819985,2.456762315,2.561644363
Climate|PrecipitationDelayed transition,United Kingdom,Climate|Precipitation,Delayed transition,2.189339134,2.314976835,2.650350963,3.389846783,3.389846783,3.552645559,3.552645559,3.552645559,3.552645559,3.389846783,3.389846783,3.389846783,3.389846783
Climate|PrecipitationNet Zero 2050,United Kingdom,Climate|Precipitation,Net Zero 2050,2.189339134,2.314976835,2.650350963,3.110557064,3.110557064,3.110557064,3.110557064,2.650350963,2.650350963,2.650350963,2.314976835,2.314976835,2.12235753
Climate|PrecipitationFragmented World,United Kingdom,Climate|Precipitation,Fragmented World,2.189339134,2.314976835,2.650350963,3.389846783,3.552645559,3.552645559,3.547253157,3.575570747,3.575570747,3.484816523,3.208824207,2.546558367,2.298285693
Climate|PrecipitationNationally Determined Contributions (NDCs),United Kingdom,Climate|Precipitation,Nationally Determined Contributions (NDCs),2.189339134,2.314976835,2.650350963,3.110557064,3.389846783,3.552645559,3.547253157,3.547253157,3.575570747,3.484816523,3.484816523,3.208824207,3.208824207
Climate|PrecipitationBelow 2°C,United Kingdom,Climate|Precipitation,Below 2°C,2.189339134,2.314976835,2.650350963,3.110557064,3.389846783,3.389846783,3.552645559,3.389846783,3.552645559,3.389846783,3.389846783,3.389846783,3.389846783
Climate|PrecipitationLow demand,United Kingdom,Climate|Precipitation,Low demand,2.189339134,2.314976835,2.650350963,3.110557064,3.110557064,2.650350963,2.650350963,2.314976835,2.314976835,2.12235753,2.189339134,2.027866242,2.027866242
Climate|Relative HumidityCurrent Policies,United Kingdom,Climate|Relative Humidity,Current Policies,-0.561020956,-0.799858245,-0.909278071,-1.072238938,-1.148782871,-1.305823756,-1.483043193,-1.585728665,-1.664810704,-2.007943971,-2.295795572,-2.628154834,-2.893466006
Climate|Relative HumidityDelayed transition,United Kingdom,Climate|Relative Humidity,Delayed transition,-0.561020956,-0.799858245,-0.909278071,-1.072238938,-1.072238938,-1.148782871,-1.148782871,-1.148782871,-1.148782871,-1.072238938,-1.072238938,-1.072238938,-1.072238938
Climate|Relative HumidityNet Zero 2050,United Kingdom,Climate|Relative Humidity,Net Zero 2050,-0.561020956,-0.799858245,-0.909278071,-1.020213712,-1.020213712,-1.020213712,-1.020213712,-0.909278071,-0.909278071,-0.909278071,-0.799858245,-0.799858245,-0.692220471
Climate|Relative HumidityFragmented World,United Kingdom,Climate|Relative Humidity,Fragmented World,-0.561020956,-0.799858245,-0.909278071,-1.072238938,-1.148782871,-1.148782871,-1.305823756,-1.483043193,-1.483043193,-1.585728665,-1.664810704,-1.824697884,-2.007943971
Climate|Relative HumidityNationally Determined Contributions (NDCs),United Kingdom,Climate|Relative Humidity,Nationally Determined Contributions (NDCs),-0.561020956,-0.799858245,-0.909278071,-1.020213712,-1.072238938,-1.148782871,-1.305823756,-1.305823756,-1.483043193,-1.585728665,-1.585728665,-1.664810704,-1.664810704
Climate|Relative HumidityBelow 2°C,United Kingdom,Climate|Relative Humidity,Below 2°C,-0.561020956,-0.799858245,-0.909278071,-1.020213712,-1.072238938,-1.072238938,-1.148782871,-1.072238938,-1.148782871,-1.072238938,-1.072238938,-1.072238938,-1.072238938
Climate|Relative HumidityLow demand,United Kingdom,Climate|Relative Humidity,Low demand,-0.561020956,-0.799858245,-0.909278071,-1.020213712,-1.020213712,-0.909278071,-0.909278071,-0.799858245,-0.799858245,-0.692220471,-0.561020956,-0.413472937,-0.413472937
Climate|Specific HumidityCurrent Policies,United Kingdom,Climate|Specific Humidity,Current Policies,5.290600679,6.7237149,7.562090203,9.161041755,9.920681642,10.66635257,11.52503796,12.2322515,12.7114947,13.53647567,15.48849296,16.90908642,18.9493824
Climate|Specific HumidityDelayed transition,United Kingdom,Climate|Specific Humidity,Delayed transition,5.290600679,6.7237149,7.562090203,9.161041755,9.161041755,9.920681642,9.920681642,9.920681642,9.920681642,9.161041755,9.161041755,9.161041755,9.161041755
Climate|Specific HumidityNet Zero 2050,United Kingdom,Climate|Specific Humidity,Net Zero 2050,5.290600679,6.7237149,7.562090203,8.449526007,8.449526007,8.449526007,8.449526007,7.562090203,7.562090203,7.562090203,6.7237149,6.7237149,5.868646472
Climate|Specific HumidityFragmented World,United Kingdom,Climate|Specific Humidity,Fragmented World,5.290600679,6.7237149,7.562090203,9.161041755,9.920681642,9.920681642,10.66635257,11.52503796,11.52503796,12.2322515,12.7114947,12.99029692,13.53647567
Climate|Specific HumidityNationally Determined Contributions (NDCs),United Kingdom,Climate|Specific Humidity,Nationally Determined Contributions (NDCs),5.290600679,6.7237149,7.562090203,8.449526007,9.161041755,9.920681642,10.66635257,10.66635257,11.52503796,12.2322515,12.2322515,12.7114947,12.7114947
Climate|Specific HumidityBelow 2°C,United Kingdom,Climate|Specific Humidity,Below 2°C,5.290600679,6.7237149,7.562090203,8.449526007,9.161041755,9.161041755,9.920681642,9.161041755,9.920681642,9.161041755,9.161041755,9.161041755,9.161041755
Climate|Specific HumidityLow demand,United Kingdom,Climate|Specific Humidity,Low demand,5.290600679,6.7237149,7.562090203,8.449526007,8.449526007,7.562090203,7.562090203,6.7237149,6.7237149,5.868646472,5.290600679,4.557155865,4.557155865
Climate|Atmospheric Pressure (surface)Current Policies,United Kingdom,Climate|Atmospheric Pressure (surface),Current Policies,20.64593852,28.7959855,30.89136195,33.01367841,36.59644102,41.64217711,45.16924817,47.0688193,48.53019479,54.27554897,61.08060489,63.24602943,69.65508638
Climate|Atmospheric Pressure (surface)Delayed transition,United Kingdom,Climate|Atmospheric Pressure (surface),Delayed transition,20.64593852,28.7959855,30.89136195,33.01367841,33.01367841,36.59644102,36.59644102,36.59644102,36.59644102,33.01367841,33.01367841,33.01367841,33.01367841
Climate|Atmospheric Pressure (surface)Net Zero 2050,United Kingdom,Climate|Atmospheric Pressure (surface),Net Zero 2050,20.64593852,28.7959855,30.89136195,31.37158868,31.37158868,31.37158868,31.37158868,30.89136195,30.89136195,30.89136195,28.7959855,28.7959855,25.13046838
Climate|Atmospheric Pressure (surface)Fragmented World,United Kingdom,Climate|Atmospheric Pressure (surface),Fragmented World,20.64593852,28.7959855,30.89136195,33.01367841,36.59644102,36.59644102,41.64217711,45.16924817,45.16924817,47.0688193,48.53019479,50.81644974,54.27554897
Climate|Atmospheric Pressure (surface)Nationally Determined Contributions (NDCs),United Kingdom,Climate|Atmospheric Pressure (surface),Nationally Determined Contributions (NDCs),20.64593852,28.7959855,30.89136195,31.37158868,33.01367841,36.59644102,41.64217711,41.64217711,45.16924817,47.0688193,47.0688193,48.53019479,48.53019479
Climate|Atmospheric Pressure (surface)Below 2°C,United Kingdom,Climate|Atmospheric Pressure (surface),Below 2°C,20.64593852,28.7959855,30.89136195,31.37158868,33.01367841,33.01367841,36.59644102,33.01367841,36.59644102,33.01367841,33.01367841,33.01367841,33.01367841
Climate|Atmospheric Pressure (surface)Low demand,United Kingdom,Climate|Atmospheric Pressure (surface),Low demand,20.64593852,28.7959855,30.89136195,31.37158868,31.37158868,30.89136195,30.89136195,28.7959855,28.7959855,25.13046838,20.64593852,17.72169257,17.72169257
Climate|Atmospheric pressure (adjusted to sea level)Current Policies,United Kingdom,Climate|Atmospheric pressure (adjusted to sea level),Current Policies,-7.2691981,-1.874666277,-3.726978824,-10.53957379,-12.81080324,-14.5167276,-16.02672843,-17.74232918,-18.43069302,-18.85350837,-19.17268094,-25.53250505,-28.26157003
Climate|Atmospheric pressure (adjusted to sea level)Delayed transition,United Kingdom,Climate|Atmospheric pressure (adjusted to sea level),Delayed transition,-7.2691981,-1.874666277,-3.726978824,-10.53957379,-10.53957379,-12.81080324,-12.81080324,-12.81080324,-12.81080324,-10.53957379,-10.53957379,-10.53957379,-10.53957379
Climate|Atmospheric pressure (adjusted to sea level)Net Zero 2050,United Kingdom,Climate|Atmospheric pressure (adjusted to sea level),Net Zero 2050,-7.2691981,-1.874666277,-3.726978824,-7.353499544,-7.353499544,-7.353499544,-7.353499544,-3.726978824,-3.726978824,-3.726978824,-1.874666277,-1.874666277,-4.762587686
Climate|Atmospheric pressure (adjusted to sea level)Fragmented World,United Kingdom,Climate|Atmospheric pressure (adjusted to sea level),Fragmented World,-7.2691981,-1.874666277,-3.726978824,-10.53957379,-12.81080324,-12.81080324,-14.5167276,-16.02672843,-16.02672843,-17.74232918,-18.43069302,-18.99650296,-18.85350837
Climate|Atmospheric pressure (adjusted to sea level)Nationally Determined Contributions (NDCs),United Kingdom,Climate|Atmospheric pressure (adjusted to sea level),Nationally Determined Contributions (NDCs),-7.2691981,-1.874666277,-3.726978824,-7.353499544,-10.53957379,-12.81080324,-14.5167276,-14.5167276,-16.02672843,-17.74232918,-17.74232918,-18.43069302,-18.43069302
Climate|Atmospheric pressure (adjusted to sea level)Below 2°C,United Kingdom,Climate|Atmospheric pressure (adjusted to sea level),Below 2°C,-7.2691981,-1.874666277,-3.726978824,-7.353499544,-10.53957379,-10.53957379,-12.81080324,-10.53957379,-12.81080324,-10.53957379,-10.53957379,-10.53957379,-10.53957379
Climate|Atmospheric pressure (adjusted to sea level)Low demand,United Kingdom,Climate|Atmospheric pressure (adjusted to sea level),Low demand,-7.2691981,-1.874666277,-3.726978824,-7.353499544,-7.353499544,-3.726978824,-3.726978824,-1.874666277,-1.874666277,-4.762587686,-7.2691981,-7.777700459,-7.777700459
Climate|Downwelling Longwave RadiationCurrent Policies,United Kingdom,Climate|Downwelling Longwave Radiation,Current Policies,1.748591626,2.211019592,2.483445011,3.021215282,3.26906036,3.525219918,3.788050325,4.030975729,4.257286415,4.712750536,5.320930616,5.940912684,6.521206195
Climate|Downwelling Longwave RadiationDelayed transition,United Kingdom,Climate|Downwelling Longwave Radiation,Delayed transition,1.748591626,2.211019592,2.483445011,3.021215282,3.021215282,3.26906036,3.26906036,3.26906036,3.26906036,3.021215282,3.021215282,3.021215282,3.021215282
Climate|Downwelling Longwave RadiationNet Zero 2050,United Kingdom,Climate|Downwelling Longwave Radiation,Net Zero 2050,1.748591626,2.211019592,2.483445011,2.7732357,2.7732357,2.7732357,2.7732357,2.483445011,2.483445011,2.483445011,2.211019592,2.211019592,1.95391514
Climate|Downwelling Longwave RadiationFragmented World,United Kingdom,Climate|Downwelling Longwave Radiation,Fragmented World,1.748591626,2.211019592,2.483445011,3.021215282,3.26906036,3.26906036,3.525219918,3.788050325,3.788050325,4.030975729,4.257286415,4.462431818,4.712750536
Climate|Downwelling Longwave RadiationNationally Determined Contributions (NDCs),United Kingdom,Climate|Downwelling Longwave Radiation,Nationally Determined Contributions (NDCs),1.748591626,2.211019592,2.483445011,2.7732357,3.021215282,3.26906036,3.525219918,3.525219918,3.788050325,4.030975729,4.030975729,4.257286415,4.257286415
Climate|Downwelling Longwave RadiationBelow 2°C,United Kingdom,Climate|Downwelling Longwave Radiation,Below 2°C,1.748591626,2.211019592,2.483445011,2.7732357,3.021215282,3.021215282,3.26906036,3.021215282,3.26906036,3.021215282,3.021215282,3.021215282,3.021215282
Climate|Downwelling Longwave RadiationLow demand,United Kingdom,Climate|Downwelling Longwave Radiation,Low demand,1.748591626,2.211019592,2.483445011,2.7732357,2.7732357,2.483445011,2.483445011,2.211019592,2.211019592,1.95391514,1.748591626,1.49336887,1.49336887
Climate|Wind SpeedCurrent Policies,United Kingdom,Climate|Wind Speed,Current Policies,-0.745242124,-0.884898815,-0.941117712,-0.980566593,-1.039415548,-1.144776626,-1.29637769,-1.520266977,-1.751364004,-2.044208871,-2.062519952,-2.169347421,-2.934769199
Climate|Wind SpeedDelayed transition,United Kingdom,Climate|Wind Speed,Delayed transition,-0.745242124,-0.884898815,-0.941117712,-0.980566593,-0.980566593,-1.039415548,-1.039415548,-1.039415548,-1.039415548,-0.980566593,-0.980566593,-0.980566593,-0.980566593
Climate|Wind SpeedNet Zero 2050,United Kingdom,Climate|Wind Speed,Net Zero 2050,-0.745242124,-0.884898815,-0.941117712,-0.954323016,-0.954323016,-0.954323016,-0.954323016,-0.941117712,-0.941117712,-0.941117712,-0.884898815,-0.884898815,-0.796202757
Climate|Wind SpeedFragmented World,United Kingdom,Climate|Wind Speed,Fragmented World,-0.745242124,-0.884898815,-0.941117712,-0.980566593,-1.039415548,-1.039415548,-1.144776626,-1.29637769,-1.29637769,-1.520266977,-1.751364004,-1.960380756,-2.044208871
Climate|Wind SpeedNationally Determined Contributions (NDCs),United Kingdom,Climate|Wind Speed,Nationally Determined Contributions (NDCs),-0.745242124,-0.884898815,-0.941117712,-0.954323016,-0.980566593,-1.039415548,-1.144776626,-1.144776626,-1.29637769,-1.520266977,-1.520266977,-1.751364004,-1.751364004
Climate|Wind SpeedBelow 2°C,United Kingdom,Climate|Wind Speed,Below 2°C,-0.745242124,-0.884898815,-0.941117712,-0.954323016,-0.980566593,-0.980566593,-1.039415548,-0.980566593,-1.039415548,-0.980566593,-0.980566593,-0.980566593,-0.980566593
Climate|Wind SpeedLow demand,United Kingdom,Climate|Wind Speed,Low demand,-0.745242124,-0.884898815,-0.941117712,-0.954323016,-0.954323016,-0.941117712,-0.941117712,-0.884898815,-0.884898815,-0.796202757,-0.745242124,-0.610639819,-0.610639819
Climate|Daily Maximum Air TemperatureCurrent Policies,United Kingdom,Climate|Daily Maximum Air Temperature,Current Policies,0.995404599,1.284915514,1.42608247,1.68782246,1.83846615,2.0272696,2.219208597,2.382096744,2.549059518,2.888525636,3.206263451,3.562964247,3.876222208
Climate|Daily Maximum Air TemperatureDelayed transition,United Kingdom,Climate|Daily Maximum Air Temperature,Delayed transition,0.995404599,1.284915514,1.42608247,1.68782246,1.68782246,1.83846615,1.83846615,1.83846615,1.83846615,1.68782246,1.68782246,1.68782246,1.68782246
Climate|Daily Maximum Air TemperatureNet Zero 2050,United Kingdom,Climate|Daily Maximum Air Temperature,Net Zero 2050,0.995404599,1.284915514,1.42608247,1.567280913,1.567280913,1.567280913,1.567280913,1.42608247,1.42608247,1.42608247,1.284915514,1.284915514,1.127211348
Climate|Daily Maximum Air TemperatureFragmented World,United Kingdom,Climate|Daily Maximum Air Temperature,Fragmented World,0.995404599,1.284915514,1.42608247,1.68782246,1.83846615,1.83846615,2.0272696,2.219208597,2.219208597,2.382096744,2.549059518,2.705689786,2.888525636
Climate|Daily Maximum Air TemperatureNationally Determined Contributions (NDCs),United Kingdom,Climate|Daily Maximum Air Temperature,Nationally Determined Contributions (NDCs),0.995404599,1.284915514,1.42608247,1.567280913,1.68782246,1.83846615,2.0272696,2.0272696,2.219208597,2.382096744,2.382096744,2.549059518,2.549059518
Climate|Daily Maximum Air TemperatureBelow 2°C,United Kingdom,Climate|Daily Maximum Air Temperature,Below 2°C,0.995404599,1.284915514,1.42608247,1.567280913,1.68782246,1.68782246,1.83846615,1.68782246,1.83846615,1.68782246,1.68782246,1.68782246,1.68782246
Climate|Daily Maximum Air TemperatureLow demand,United Kingdom,Climate|Daily Maximum Air Temperature,Low demand,0.995404599,1.284915514,1.42608247,1.567280913,1.567280913,1.42608247,1.42608247,1.284915514,1.284915514,1.127211348,0.995404599,0.824488814,0.824488814
Climate|Daily Minimum Air TemperatureCurrent Policies,United Kingdom,Climate|Daily Minimum Air Temperature,Current Policies,0.939481535,1.175116565,1.313902399,1.575988262,1.711528501,1.86816441,2.026696912,2.164428893,2.292215072,2.544945539,2.843971634,3.11542663,3.440511786
Climate|Daily Minimum Air TemperatureDelayed transition,United Kingdom,Climate|Daily Minimum Air Temperature,Delayed transition,0.939481535,1.175116565,1.313902399,1.575988262,1.575988262,1.711528501,1.711528501,1.711528501,1.711528501,1.575988262,1.575988262,1.575988262,1.575988262
Climate|Daily Minimum Air TemperatureNet Zero 2050,United Kingdom,Climate|Daily Minimum Air Temperature,Net Zero 2050,0.939481535,1.175116565,1.313902399,1.447451292,1.447451292,1.447451292,1.447451292,1.313902399,1.313902399,1.313902399,1.175116565,1.175116565,1.046806064
Climate|Daily Minimum Air TemperatureFragmented World,United Kingdom,Climate|Daily Minimum Air Temperature,Fragmented World,0.939481535,1.175116565,1.313902399,1.575988262,1.711528501,1.711528501,1.86816441,2.026696912,2.026696912,2.164428893,2.292215072,2.412467309,2.544945539
Climate|Daily Minimum Air TemperatureNationally Determined Contributions (NDCs),United Kingdom,Climate|Daily Minimum Air Temperature,Nationally Determined Contributions (NDCs),0.939481535,1.175116565,1.313902399,1.447451292,1.575988262,1.711528501,1.86816441,1.86816441,2.026696912,2.164428893,2.164428893,2.292215072,2.292215072
Climate|Daily Minimum Air TemperatureBelow 2°C,United Kingdom,Climate|Daily Minimum Air Temperature,Below 2°C,0.939481535,1.175116565,1.313902399,1.447451292,1.575988262,1.575988262,1.711528501,1.575988262,1.711528501,1.575988262,1.575988262,1.575988262,1.575988262
Climate|Daily Minimum Air TemperatureLow demand,United Kingdom,Climate|Daily Minimum Air Temperature,Low demand,0.939481535,1.175116565,1.313902399,1.447451292,1.447451292,1.313902399,1.313902399,1.175116565,1.175116565,1.046806064,0.939481535,0.807217299,0.807217299
Freshwater|Surface RunoffCurrent Policies,United Kingdom,Freshwater|Surface Runoff,Current Policies,1.243571914,1.630545998,1.699547024,2.360234718,2.76126407,2.67990859,2.092212733,1.834592212,0.955210758,-0.402317832,-0.598201955,-1.733194276,-1.91570072
Freshwater|Surface RunoffDelayed transition,United Kingdom,Freshwater|Surface Runoff,Delayed transition,1.243571914,1.630545998,1.699547024,2.360234718,2.360234718,2.76126407,2.76126407,2.76126407,2.76126407,2.360234718,2.360234718,2.360234718,2.360234718
Freshwater|Surface RunoffNet Zero 2050,United Kingdom,Freshwater|Surface Runoff,Net Zero 2050,1.243571914,1.630545998,1.699547024,1.992942713,1.992942713,1.992942713,1.992942713,1.699547024,1.699547024,1.699547024,1.630545998,1.630545998,1.317293588
Freshwater|Surface RunoffFragmented World,United Kingdom,Freshwater|Surface Runoff,Fragmented World,1.243571914,1.630545998,1.699547024,2.360234718,2.76126407,2.76126407,2.67990859,2.092212733,2.092212733,1.834592212,0.955210758,0.246128476,-0.402317832
Freshwater|Surface RunoffNationally Determined Contributions (NDCs),United Kingdom,Freshwater|Surface Runoff,Nationally Determined Contributions (NDCs),1.243571914,1.630545998,1.699547024,1.992942713,2.360234718,2.76126407,2.67990859,2.67990859,2.092212733,1.834592212,1.834592212,0.955210758,0.955210758
Freshwater|Surface RunoffBelow 2°C,United Kingdom,Freshwater|Surface Runoff,Below 2°C,1.243571914,1.630545998,1.699547024,1.992942713,2.360234718,2.360234718,2.76126407,2.360234718,2.76126407,2.360234718,2.360234718,2.360234718,2.360234718
Freshwater|Surface RunoffLow demand,United Kingdom,Freshwater|Surface Runoff,Low demand,1.243571914,1.630545998,1.699547024,1.992942713,1.992942713,1.699547024,1.699547024,1.630545998,1.630545998,1.317293588,1.243571914,1.101242064,1.101242064
Freshwater|River DischargeCurrent Policies,United Kingdom,Freshwater|River Discharge,Current Policies,-1.541995439,-1.919343532,-1.532629847,-0.291714503,0.383461092,0.376526731,-0.014691533,-0.078441698,-0.51712376,-2.114476318,-4.471599171,-6.604247738,-7.688300626
Freshwater|River DischargeDelayed transition,United Kingdom,Freshwater|River Discharge,Delayed transition,-1.541995439,-1.919343532,-1.532629847,-0.291714503,-0.291714503,0.383461092,0.383461092,0.383461092,0.383461092,-0.291714503,-0.291714503,-0.291714503,-0.291714503
Freshwater|River DischargeNet Zero 2050,United Kingdom,Freshwater|River Discharge,Net Zero 2050,-1.541995439,-1.919343532,-1.532629847,-1.009774857,-1.009774857,-1.009774857,-1.009774857,-1.532629847,-1.532629847,-1.532629847,-1.919343532,-1.919343532,-1.984202793
Freshwater|River DischargeFragmented World,United Kingdom,Freshwater|River Discharge,Fragmented World,-1.541995439,-1.919343532,-1.532629847,-0.291714503,0.383461092,0.383461092,0.376526731,-0.014691533,-0.014691533,-0.078441698,-0.51712376,-0.996595426,-2.114476318
Freshwater|River DischargeNationally Determined Contributions (NDCs),United Kingdom,Freshwater|River Discharge,Nationally Determined Contributions (NDCs),-1.541995439,-1.919343532,-1.532629847,-1.009774857,-0.291714503,0.383461092,0.376526731,0.376526731,-0.014691533,-0.078441698,-0.078441698,-0.51712376,-0.51712376
Freshwater|River DischargeBelow 2°C,United Kingdom,Freshwater|River Discharge,Below 2°C,-1.541995439,-1.919343532,-1.532629847,-1.009774857,-0.291714503,-0.291714503,0.383461092,-0.291714503,0.383461092,-0.291714503,-0.291714503,-0.291714503,-0.291714503
Freshwater|River DischargeLow demand,United Kingdom,Freshwater|River Discharge,Low demand,-1.541995439,-1.919343532,-1.532629847,-1.009774857,-1.009774857,-1.532629847,-1.532629847,-1.919343532,-1.919343532,-1.984202793,-1.541995439,-0.802886886,-0.802886886
Freshwater|Maximum of Daily River DischargeCurrent Policies,United Kingdom,Freshwater|Maximum of Daily River Discharge,Current Policies,#N/A,#N/A,#N/A,#N/A,#N/A,#N/A,#N/A,#N/A,#N/A,#N/A,#N/A,#N/A,#N/A
Freshwater|Maximum of Daily River DischargeDelayed transition,United Kingdom,Freshwater|Maximum of Daily River Discharge,Delayed transition,#N/A,#N/A,#N/A,#N/A,#N/A,#N/A,#N/A,#N/A,#N/A,#N/A,#N/A,#N/A,#N/A
Freshwater|Maximum of Daily River DischargeNet Zero 2050,United Kingdom,Freshwater|Maximum of Daily River Discharge,Net Zero 2050,#N/A,#N/A,#N/A,#N/A,#N/A,#N/A,#N/A,#N/A,#N/A,#N/A,#N/A,#N/A,#N/A
Freshwater|Maximum of Daily River DischargeFragmented World,United Kingdom,Freshwater|Maximum of Daily River Discharge,Fragmented World,#N/A,#N/A,#N/A,#N/A,#N/A,#N/A,#N/A,#N/A,#N/A,#N/A,#N/A,#N/A,#N/A
Freshwater|Maximum of Daily River DischargeNationally Determined Contributions (NDCs),United Kingdom,Freshwater|Maximum of Daily River Discharge,Nationally Determined Contributions (NDCs),#N/A,#N/A,#N/A,#N/A,#N/A,#N/A,#N/A,#N/A,#N/A,#N/A,#N/A,#N/A,#N/A
Freshwater|Maximum of Daily River DischargeBelow 2°C,United Kingdom,Freshwater|Maximum of Daily River Discharge,Below 2°C,#N/A,#N/A,#N/A,#N/A,#N/A,#N/A,#N/A,#N/A,#N/A,#N/A,#N/A,#N/A,#N/A
Freshwater|Maximum of Daily River DischargeLow demand,United Kingdom,Freshwater|Maximum of Daily River Discharge,Low demand,#N/A,#N/A,#N/A,#N/A,#N/A,#N/A,#N/A,#N/A,#N/A,#N/A,#N/A,#N/A,#N/A
Freshwater|Minimum of Daily River DischargeCurrent Policies,United Kingdom,Freshwater|Minimum of Daily River Discharge,Current Policies,#N/A,#N/A,#N/A,#N/A,#N/A,#N/A,#N/A,#N/A,#N/A,#N/A,#N/A,#N/A,#N/A
Freshwater|Minimum of Daily River DischargeDelayed transition,United Kingdom,Freshwater|Minimum of Daily River Discharge,Delayed transition,#N/A,#N/A,#N/A,#N/A,#N/A,#N/A,#N/A,#N/A,#N/A,#N/A,#N/A,#N/A,#N/A
Freshwater|Minimum of Daily River DischargeNet Zero 2050,United Kingdom,Freshwater|Minimum of Daily River Discharge,Net Zero 2050,#N/A,#N/A,#N/A,#N/A,#N/A,#N/A,#N/A,#N/A,#N/A,#N/A,#N/A,#N/A,#N/A
Freshwater|Minimum of Daily River DischargeFragmented World,United Kingdom,Freshwater|Minimum of Daily River Discharge,Fragmented World,#N/A,#N/A,#N/A,#N/A,#N/A,#N/A,#N/A,#N/A,#N/A,#N/A,#N/A,#N/A,#N/A
Freshwater|Minimum of Daily River DischargeNationally Determined Contributions (NDCs),United Kingdom,Freshwater|Minimum of Daily River Discharge,Nationally Determined Contributions (NDCs),#N/A,#N/A,#N/A,#N/A,#N/A,#N/A,#N/A,#N/A,#N/A,#N/A,#N/A,#N/A,#N/A
Freshwater|Minimum of Daily River DischargeBelow 2°C,United Kingdom,Freshwater|Minimum of Daily River Discharge,Below 2°C,#N/A,#N/A,#N/A,#N/A,#N/A,#N/A,#N/A,#N/A,#N/A,#N/A,#N/A,#N/A,#N/A
Freshwater|Minimum of Daily River DischargeLow demand,United Kingdom,Freshwater|Minimum of Daily River Discharge,Low demand,#N/A,#N/A,#N/A,#N/A,#N/A,#N/A,#N/A,#N/A,#N/A,#N/A,#N/A,#N/A,#N/A
Agriculture|Soil MoistureCurrent Policies,United Kingdom,Agriculture|Soil Moisture,Current Policies,-0.519558537,-0.725437745,-0.706868161,-0.706093439,-0.711308793,-0.94222269,-1.255961551,-1.508368735,-1.579309859,-1.899774725,-2.102251392,-2.401079105,-2.367932863
Agriculture|Soil MoistureDelayed transition,United Kingdom,Agriculture|Soil Moisture,Delayed transition,-0.519558537,-0.725437745,-0.706868161,-0.706093439,-0.706093439,-0.711308793,-0.711308793,-0.711308793,-0.711308793,-0.706093439,-0.706093439,-0.706093439,-0.706093439
Agriculture|Soil MoistureNet Zero 2050,United Kingdom,Agriculture|Soil Moisture,Net Zero 2050,-0.519558537,-0.725437745,-0.706868161,-0.74664741,-0.74664741,-0.74664741,-0.74664741,-0.706868161,-0.706868161,-0.706868161,-0.725437745,-0.725437745,-0.680858667
Agriculture|Soil MoistureFragmented World,United Kingdom,Agriculture|Soil Moisture,Fragmented World,-0.519558537,-0.725437745,-0.706868161,-0.706093439,-0.711308793,-0.711308793,-0.94222269,-1.255961551,-1.255961551,-1.508368735,-1.579309859,-1.699683653,-1.899774725
Agriculture|Soil MoistureNationally Determined Contributions (NDCs),United Kingdom,Agriculture|Soil Moisture,Nationally Determined Contributions (NDCs),-0.519558537,-0.725437745,-0.706868161,-0.74664741,-0.706093439,-0.711308793,-0.94222269,-0.94222269,-1.255961551,-1.508368735,-1.508368735,-1.579309859,-1.579309859
Agriculture|Soil MoistureBelow 2°C,United Kingdom,Agriculture|Soil Moisture,Below 2°C,-0.519558537,-0.725437745,-0.706868161,-0.74664741,-0.706093439,-0.706093439,-0.711308793,-0.706093439,-0.711308793,-0.706093439,-0.706093439,-0.706093439,-0.706093439
Agriculture|Soil MoistureLow demand,United Kingdom,Agriculture|Soil Moisture,Low demand,-0.519558537,-0.725437745,-0.706868161,-0.74664741,-0.74664741,-0.706868161,-0.706868161,-0.725437745,-0.725437745,-0.680858667,-0.519558537,-0.329843507,-0.329843507
Agriculture|Mean Maize YieldCurrent Policies,United Kingdom,Agriculture|Mean Maize Yield,Current Policies,-3.302215,-4.35185042,-4.429878476,-4.100371554,-4.262915696,-5.12249665,-5.696758088,-6.167502692,-6.937900991,-10.7476129,-13.94031939,-15.59526159,-16.96649441
Agriculture|Mean Maize YieldDelayed transition,United Kingdom,Agriculture|Mean Maize Yield,Delayed transition,-3.302215,-4.35185042,-4.429878476,-4.100371554,-4.100371554,-4.262915696,-4.262915696,-4.262915696,-4.262915696,-4.100371554,-4.100371554,-4.100371554,-4.100371554
Agriculture|Mean Maize YieldNet Zero 2050,United Kingdom,Agriculture|Mean Maize Yield,Net Zero 2050,-3.302215,-4.35185042,-4.429878476,-3.813894184,-3.813894184,-3.813894184,-3.813894184,-4.429878476,-4.429878476,-4.429878476,-4.35185042,-4.35185042,-4.102428763
Agriculture|Mean Maize YieldFragmented World,United Kingdom,Agriculture|Mean Maize Yield,Fragmented World,-3.302215,-4.35185042,-4.429878476,-4.100371554,-4.262915696,-4.262915696,-5.12249665,-5.696758088,-5.696758088,-6.167502692,-6.937900991,-8.393880256,-10.7476129
Agriculture|Mean Maize YieldNationally Determined Contributions (NDCs),United Kingdom,Agriculture|Mean Maize Yield,Nationally Determined Contributions (NDCs),-3.302215,-4.35185042,-4.429878476,-3.813894184,-4.100371554,-4.262915696,-5.12249665,-5.12249665,-5.696758088,-6.167502692,-6.167502692,-6.937900991,-6.937900991
Agriculture|Mean Maize YieldBelow 2°C,United Kingdom,Agriculture|Mean Maize Yield,Below 2°C,-3.302215,-4.35185042,-4.429878476,-3.813894184,-4.100371554,-4.100371554,-4.262915696,-4.100371554,-4.262915696,-4.100371554,-4.100371554,-4.100371554,-4.100371554
Agriculture|Mean Maize YieldLow demand,United Kingdom,Agriculture|Mean Maize Yield,Low demand,-3.302215,-4.35185042,-4.429878476,-3.813894184,-3.813894184,-4.429878476,-4.429878476,-4.35185042,-4.35185042,-4.102428763,-3.302215,-2.693273846,-2.693273846
Agriculture|Mean Rice YieldCurrent Policies,United Kingdom,Agriculture|Mean Rice Yield,Current Policies,-0.953182851,-0.166703976,1.189712107,3.819136886,3.774646791,3.72917825,2.393824753,1.290593722,-0.598074582,-3.050406403,-3.283731659,-3.855911791,-3.927248168
Agriculture|Mean Rice YieldDelayed transition,United Kingdom,Agriculture|Mean Rice Yield,Delayed transition,-0.953182851,-0.166703976,1.189712107,3.819136886,3.819136886,3.774646791,3.774646791,3.774646791,3.774646791,3.819136886,3.819136886,3.819136886,3.819136886
Agriculture|Mean Rice YieldNet Zero 2050,United Kingdom,Agriculture|Mean Rice Yield,Net Zero 2050,-0.953182851,-0.166703976,1.189712107,2.768786782,2.768786782,2.768786782,2.768786782,1.189712107,1.189712107,1.189712107,-0.166703976,-0.166703976,-1.312024012
Agriculture|Mean Rice YieldFragmented World,United Kingdom,Agriculture|Mean Rice Yield,Fragmented World,-0.953182851,-0.166703976,1.189712107,3.819136886,3.774646791,3.774646791,3.72917825,2.393824753,2.393824753,1.290593722,-0.598074582,-1.903627319,-3.050406403
Agriculture|Mean Rice YieldNationally Determined Contributions (NDCs),United Kingdom,Agriculture|Mean Rice Yield,Nationally Determined Contributions (NDCs),-0.953182851,-0.166703976,1.189712107,2.768786782,3.819136886,3.774646791,3.72917825,3.72917825,2.393824753,1.290593722,1.290593722,-0.598074582,-0.598074582
Agriculture|Mean Rice YieldBelow 2°C,United Kingdom,Agriculture|Mean Rice Yield,Below 2°C,-0.953182851,-0.166703976,1.189712107,2.768786782,3.819136886,3.819136886,3.774646791,3.819136886,3.774646791,3.819136886,3.819136886,3.819136886,3.819136886
Agriculture|Mean Rice YieldLow demand,United Kingdom,Agriculture|Mean Rice Yield,Low demand,-0.953182851,-0.166703976,1.189712107,2.768786782,2.768786782,1.189712107,1.189712107,-0.166703976,-0.166703976,-1.312024012,-0.953182851,-0.827017564,-0.827017564
Agriculture|Mean Soy YieldCurrent Policies,United Kingdom,Agriculture|Mean Soy Yield,Current Policies,-2.255834582,-1.362603591,-0.574588601,1.306989744,2.009152538,1.467766711,1.582442953,2.347938512,2.550918949,-1.886994807,-5.189470054,-6.160718195,-6.141887033
Agriculture|Mean Soy YieldDelayed transition,United Kingdom,Agriculture|Mean Soy Yield,Delayed transition,-2.255834582,-1.362603591,-0.574588601,1.306989744,1.306989744,2.009152538,2.009152538,2.009152538,2.009152538,1.306989744,1.306989744,1.306989744,1.306989744
Agriculture|Mean Soy YieldNet Zero 2050,United Kingdom,Agriculture|Mean Soy Yield,Net Zero 2050,-2.255834582,-1.362603591,-0.574588601,0.452632908,0.452632908,0.452632908,0.452632908,-0.574588601,-0.574588601,-0.574588601,-1.362603591,-1.362603591,-1.842595611
Agriculture|Mean Soy YieldFragmented World,United Kingdom,Agriculture|Mean Soy Yield,Fragmented World,-2.255834582,-1.362603591,-0.574588601,1.306989744,2.009152538,2.009152538,1.467766711,1.582442953,1.582442953,2.347938512,2.550918949,1.018894907,-1.886994807
Agriculture|Mean Soy YieldNationally Determined Contributions (NDCs),United Kingdom,Agriculture|Mean Soy Yield,Nationally Determined Contributions (NDCs),-2.255834582,-1.362603591,-0.574588601,0.452632908,1.306989744,2.009152538,1.467766711,1.467766711,1.582442953,2.347938512,2.347938512,2.550918949,2.550918949
Agriculture|Mean Soy YieldBelow 2°C,United Kingdom,Agriculture|Mean Soy Yield,Below 2°C,-2.255834582,-1.362603591,-0.574588601,0.452632908,1.306989744,1.306989744,2.009152538,1.306989744,2.009152538,1.306989744,1.306989744,1.306989744,1.306989744
Agriculture|Mean Soy YieldLow demand,United Kingdom,Agriculture|Mean Soy Yield,Low demand,-2.255834582,-1.362603591,-0.574588601,0.452632908,0.452632908,-0.574588601,-0.574588601,-1.362603591,-1.362603591,-1.842595611,-2.255834582,-1.720398178,-1.720398178
Agriculture|Mean Wheat YieldCurrent Policies,United Kingdom,Agriculture|Mean Wheat Yield,Current Policies,2.784817547,3.30642131,4.575460328,6.522768637,7.178260969,7.553694091,8.465198611,9.681369644,11.28616811,11.45112855,9.080631197,8.875523534,11.85516967
Agriculture|Mean Wheat YieldDelayed transition,United Kingdom,Agriculture|Mean Wheat Yield,Delayed transition,2.784817547,3.30642131,4.575460328,6.522768637,6.522768637,7.178260969,7.178260969,7.178260969,7.178260969,6.522768637,6.522768637,6.522768637,6.522768637
Agriculture|Mean Wheat YieldNet Zero 2050,United Kingdom,Agriculture|Mean Wheat Yield,Net Zero 2050,2.784817547,3.30642131,4.575460328,5.68273576,5.68273576,5.68273576,5.68273576,4.575460328,4.575460328,4.575460328,3.30642131,3.30642131,2.751866449
Agriculture|Mean Wheat YieldFragmented World,United Kingdom,Agriculture|Mean Wheat Yield,Fragmented World,2.784817547,3.30642131,4.575460328,6.522768637,7.178260969,7.178260969,7.553694091,8.465198611,8.465198611,9.681369644,11.28616811,12.21161549,11.45112855
Agriculture|Mean Wheat YieldNationally Determined Contributions (NDCs),United Kingdom,Agriculture|Mean Wheat Yield,Nationally Determined Contributions (NDCs),2.784817547,3.30642131,4.575460328,5.68273576,6.522768637,7.178260969,7.553694091,7.553694091,8.465198611,9.681369644,9.681369644,11.28616811,11.28616811
Agriculture|Mean Wheat YieldBelow 2°C,United Kingdom,Agriculture|Mean Wheat Yield,Below 2°C,2.784817547,3.30642131,4.575460328,5.68273576,6.522768637,6.522768637,7.178260969,6.522768637,7.178260969,6.522768637,6.522768637,6.522768637,6.522768637
Agriculture|Mean Wheat YieldLow demand,United Kingdom,Agriculture|Mean Wheat Yield,Low demand,2.784817547,3.30642131,4.575460328,5.68273576,5.68273576,4.575460328,4.575460328,3.30642131,3.30642131,2.751866449,2.784817547,3.36205115,3.36205115
Extreme Events|Land fraction annually exposed to River FloodsCurrent Policies,United Kingdom,Extreme Events|Land fraction annually exposed to River Floods,Current Policies,0.004169561,0.011674691,0.014671437,0.026596172,0.032209678,0.033403692,0.034271659,0.041164756,0.044604957,0.045645888,0.045970362,0.050198325,0.050126415
Extreme Events|Land fraction annually exposed to River FloodsDelayed transition,United Kingdom,Extreme Events|Land fraction annually exposed to River Floods,Delayed transition,0.004169561,0.011674691,0.014671437,0.026596172,0.026596172,0.032209678,0.032209678,0.032209678,0.032209678,0.026596172,0.026596172,0.026596172,0.026596172
Extreme Events|Land fraction annually exposed to River FloodsNet Zero 2050,United Kingdom,Extreme Events|Land fraction annually exposed to River Floods,Net Zero 2050,0.004169561,0.011674691,0.014671437,0.020206929,0.020206929,0.020206929,0.020206929,0.014671437,0.014671437,0.014671437,0.011674691,0.011674691,0.008683233
Extreme Events|Land fraction annually exposed to River FloodsFragmented World,United Kingdom,Extreme Events|Land fraction annually exposed to River Floods,Fragmented World,0.004169561,0.011674691,0.014671437,0.026596172,0.032209678,0.032209678,0.033403692,0.034271659,0.034271659,0.041164756,0.044604957,0.048246396,0.045645888
Extreme Events|Land fraction annually exposed to River FloodsNationally Determined Contributions (NDCs),United Kingdom,Extreme Events|Land fraction annually exposed to River Floods,Nationally Determined Contributions (NDCs),0.004169561,0.011674691,0.014671437,0.020206929,0.026596172,0.032209678,0.033403692,0.033403692,0.034271659,0.041164756,0.041164756,0.044604957,0.044604957
Extreme Events|Land fraction annually exposed to River FloodsBelow 2°C,United Kingdom,Extreme Events|Land fraction annually exposed to River Floods,Below 2°C,0.004169561,0.011674691,0.014671437,0.020206929,0.026596172,0.026596172,0.032209678,0.026596172,0.032209678,0.026596172,0.026596172,0.026596172,0.026596172
Extreme Events|Land fraction annually exposed to River FloodsLow demand,United Kingdom,Extreme Events|Land fraction annually exposed to River Floods,Low demand,0.004169561,0.011674691,0.014671437,0.020206929,0.020206929,0.014671437,0.014671437,0.011674691,0.011674691,0.008683233,0.004169561,-0.00097871,-0.00097871
Economic Damages|Annual Maximum River Flood DepthCurrent Policies,United Kingdom,Economic Damages|Annual Maximum River Flood Depth,Current Policies,7.482990751,18.80563228,23.88499892,37.20395904,43.51338144,47.66333689,48.17432091,49.00547283,44.07166181,45.60623653,55.17292712,61.56679738,59.31248531
Economic Damages|Annual Maximum River Flood DepthDelayed transition,United Kingdom,Economic Damages|Annual Maximum River Flood Depth,Delayed transition,7.482990751,18.80563228,23.88499892,37.20395904,37.20395904,43.51338144,43.51338144,43.51338144,43.51338144,37.20395904,37.20395904,37.20395904,37.20395904
Economic Damages|Annual Maximum River Flood DepthNet Zero 2050,United Kingdom,Economic Damages|Annual Maximum River Flood Depth,Net Zero 2050,7.482990751,18.80563228,23.88499892,31.17876053,31.17876053,31.17876053,31.17876053,23.88499892,23.88499892,23.88499892,18.80563228,18.80563228,12.55012763
Economic Damages|Annual Maximum River Flood DepthFragmented World,United Kingdom,Economic Damages|Annual Maximum River Flood Depth,Fragmented World,7.482990751,18.80563228,23.88499892,37.20395904,43.51338144,43.51338144,47.66333689,48.17432091,48.17432091,49.00547283,44.07166181,45.10966046,45.60623653
Economic Damages|Annual Maximum River Flood DepthNationally Determined Contributions (NDCs),United Kingdom,Economic Damages|Annual Maximum River Flood Depth,Nationally Determined Contributions (NDCs),7.482990751,18.80563228,23.88499892,31.17876053,37.20395904,43.51338144,47.66333689,47.66333689,48.17432091,49.00547283,49.00547283,44.07166181,44.07166181
Economic Damages|Annual Maximum River Flood DepthBelow 2°C,United Kingdom,Economic Damages|Annual Maximum River Flood Depth,Below 2°C,7.482990751,18.80563228,23.88499892,31.17876053,37.20395904,37.20395904,43.51338144,37.20395904,43.51338144,37.20395904,37.20395904,37.20395904,37.20395904
Economic Damages|Annual Maximum River Flood DepthLow demand,United Kingdom,Economic Damages|Annual Maximum River Flood Depth,Low demand,7.482990751,18.80563228,23.88499892,31.17876053,31.17876053,23.88499892,23.88499892,18.80563228,18.80563228,12.55012763,7.482990751,-1.333547944,-1.333547944
Extreme Events|Land fraction annually exposed to Crop FailuresCurrent Policies,United Kingdom,Extreme Events|Land fraction annually exposed to Crop Failures,Current Policies,0.056791881,0.12782866,0.102793394,-0.024969877,-0.058805913,-0.037206902,-0.000234514,0.047502918,0.079286604,0.245626154,0.369747173,0.321652255,0.022496465
Extreme Events|Land fraction annually exposed to Crop FailuresDelayed transition,United Kingdom,Extreme Events|Land fraction annually exposed to Crop Failures,Delayed transition,0.056791881,0.12782866,0.102793394,-0.024969877,-0.024969877,-0.058805913,-0.058805913,-0.058805913,-0.058805913,-0.024969877,-0.024969877,-0.024969877,-0.024969877
Extreme Events|Land fraction annually exposed to Crop FailuresNet Zero 2050,United Kingdom,Extreme Events|Land fraction annually exposed to Crop Failures,Net Zero 2050,0.056791881,0.12782866,0.102793394,0.028009639,0.028009639,0.028009639,0.028009639,0.102793394,0.102793394,0.102793394,0.12782866,0.12782866,0.107907039
Extreme Events|Land fraction annually exposed to Crop FailuresFragmented World,United Kingdom,Extreme Events|Land fraction annually exposed to Crop Failures,Fragmented World,0.056791881,0.12782866,0.102793394,-0.024969877,-0.058805913,-0.058805913,-0.037206902,-0.000234514,-0.000234514,0.047502918,0.079286604,0.170059204,0.245626154
Extreme Events|Land fraction annually exposed to Crop FailuresNationally Determined Contributions (NDCs),United Kingdom,Extreme Events|Land fraction annually exposed to Crop Failures,Nationally Determined Contributions (NDCs),0.056791881,0.12782866,0.102793394,0.028009639,-0.024969877,-0.058805913,-0.037206902,-0.037206902,-0.000234514,0.047502918,0.047502918,0.079286604,0.079286604
Extreme Events|Land fraction annually exposed to Crop FailuresBelow 2°C,United Kingdom,Extreme Events|Land fraction annually exposed to Crop Failures,Below 2°C,0.056791881,0.12782866,0.102793394,0.028009639,-0.024969877,-0.024969877,-0.058805913,-0.024969877,-0.058805913,-0.024969877,-0.024969877,-0.024969877,-0.024969877
Extreme Events|Land fraction annually exposed to Crop FailuresLow demand,United Kingdom,Extreme Events|Land fraction annually exposed to Crop Failures,Low demand,0.056791881,0.12782866,0.102793394,0.028009639,0.028009639,0.102793394,0.102793394,0.12782866,0.12782866,0.107907039,0.056791881,0.043884994,0.043884994
Extreme Events|Fraction of Population annually exposed to Crop FailuresCurrent Policies,United Kingdom,Extreme Events|Fraction of Population annually exposed to Crop Failures,Current Policies,-0.001499154,-0.00024138,-0.000833963,-0.004721545,-0.005868028,-0.005618651,-0.004263805,-0.002440508,-0.00052294,0.003811704,0.006983819,0.007240764,-0.003507504
Extreme Events|Fraction of Population annually exposed to Crop FailuresDelayed transition,United Kingdom,Extreme Events|Fraction of Population annually exposed to Crop Failures,Delayed transition,-0.001499154,-0.00024138,-0.000833963,-0.004721545,-0.004721545,-0.005868028,-0.005868028,-0.005868028,-0.005868028,-0.004721545,-0.004721545,-0.004721545,-0.004721545
Extreme Events|Fraction of Population annually exposed to Crop FailuresNet Zero 2050,United Kingdom,Extreme Events|Fraction of Population annually exposed to Crop Failures,Net Zero 2050,-0.001499154,-0.00024138,-0.000833963,-0.003282297,-0.003282297,-0.003282297,-0.003282297,-0.000833963,-0.000833963,-0.000833963,-0.00024138,-0.00024138,-0.000606932
Extreme Events|Fraction of Population annually exposed to Crop FailuresFragmented World,United Kingdom,Extreme Events|Fraction of Population annually exposed to Crop Failures,Fragmented World,-0.001499154,-0.00024138,-0.000833963,-0.004721545,-0.005868028,-0.005868028,-0.005618651,-0.004263805,-0.004263805,-0.002440508,-0.00052294,0.001372292,0.003811704
Extreme Events|Fraction of Population annually exposed to Crop FailuresNationally Determined Contributions (NDCs),United Kingdom,Extreme Events|Fraction of Population annually exposed to Crop Failures,Nationally Determined Contributions (NDCs),-0.001499154,-0.00024138,-0.000833963,-0.003282297,-0.004721545,-0.005868028,-0.005618651,-0.005618651,-0.004263805,-0.002440508,-0.002440508,-0.00052294,-0.00052294
Extreme Events|Fraction of Population annually exposed to Crop FailuresBelow 2°C,United Kingdom,Extreme Events|Fraction of Population annually exposed to Crop Failures,Below 2°C,-0.001499154,-0.00024138,-0.000833963,-0.003282297,-0.004721545,-0.004721545,-0.005868028,-0.004721545,-0.005868028,-0.004721545,-0.004721545,-0.004721545,-0.004721545
Extreme Events|Fraction of Population annually exposed to Crop FailuresLow demand,United Kingdom,Extreme Events|Fraction of Population annually exposed to Crop Failures,Low demand,-0.001499154,-0.00024138,-0.000833963,-0.003282297,-0.003282297,-0.000833963,-0.000833963,-0.00024138,-0.00024138,-0.000606932,-0.001499154,-0.002261661,-0.002261661
Extreme Events|Land fraction annually exposed to WildfiresCurrent Policies,United Kingdom,Extreme Events|Land fraction annually exposed to Wildfires,Current Policies,0.037890945,0.059045359,0.070787352,0.072700522,0.070479213,0.081289671,0.083372856,0.08492776,0.080741669,0.094218647,0.106944735,0.105194521,0.088435968
Extreme Events|Land fraction annually exposed to WildfiresDelayed transition,United Kingdom,Extreme Events|Land fraction annually exposed to Wildfires,Delayed transition,0.037890945,0.059045359,0.070787352,0.072700522,0.072700522,0.070479213,0.070479213,0.070479213,0.070479213,0.072700522,0.072700522,0.072700522,0.072700522
Extreme Events|Land fraction annually exposed to WildfiresNet Zero 2050,United Kingdom,Extreme Events|Land fraction annually exposed to Wildfires,Net Zero 2050,0.037890945,0.059045359,0.070787352,0.074959151,0.074959151,0.074959151,0.074959151,0.070787352,0.070787352,0.070787352,0.059045359,0.059045359,0.047390332
Extreme Events|Land fraction annually exposed to WildfiresFragmented World,United Kingdom,Extreme Events|Land fraction annually exposed to Wildfires,Fragmented World,0.037890945,0.059045359,0.070787352,0.072700522,0.070479213,0.070479213,0.081289671,0.083372856,0.083372856,0.08492776,0.080741669,0.087858624,0.094218647
Extreme Events|Land fraction annually exposed to WildfiresNationally Determined Contributions (NDCs),United Kingdom,Extreme Events|Land fraction annually exposed to Wildfires,Nationally Determined Contributions (NDCs),0.037890945,0.059045359,0.070787352,0.074959151,0.072700522,0.070479213,0.081289671,0.081289671,0.083372856,0.08492776,0.08492776,0.080741669,0.080741669
Extreme Events|Land fraction annually exposed to WildfiresBelow 2°C,United Kingdom,Extreme Events|Land fraction annually exposed to Wildfires,Below 2°C,0.037890945,0.059045359,0.070787352,0.074959151,0.072700522,0.072700522,0.070479213,0.072700522,0.070479213,0.072700522,0.072700522,0.072700522,0.072700522
Extreme Events|Land fraction annually exposed to WildfiresLow demand,United Kingdom,Extreme Events|Land fraction annually exposed to Wildfires,Low demand,0.037890945,0.059045359,0.070787352,0.074959151,0.074959151,0.070787352,0.070787352,0.059045359,0.059045359,0.047390332,0.037890945,0.027732315,0.027732315
Extreme Events|Fraction of Population annually exposed to WildfiresCurrent Policies,United Kingdom,Extreme Events|Fraction of Population annually exposed to Wildfires,Current Policies,0.037890945,0.059045359,0.070787352,0.072700522,0.070479213,0.081289671,0.083372856,0.08492776,0.080741669,0.094218647,0.106944735,0.105194521,0.088435968
Extreme Events|Fraction of Population annually exposed to WildfiresDelayed transition,United Kingdom,Extreme Events|Fraction of Population annually exposed to Wildfires,Delayed transition,0.037890945,0.059045359,0.070787352,0.072700522,0.072700522,0.070479213,0.070479213,0.070479213,0.070479213,0.072700522,0.072700522,0.072700522,0.072700522
Extreme Events|Fraction of Population annually exposed to WildfiresNet Zero 2050,United Kingdom,Extreme Events|Fraction of Population annually exposed to Wildfires,Net Zero 2050,0.037890945,0.059045359,0.070787352,0.074959151,0.074959151,0.074959151,0.074959151,0.070787352,0.070787352,0.070787352,0.059045359,0.059045359,0.047390332
Extreme Events|Fraction of Population annually exposed to WildfiresFragmented World,United Kingdom,Extreme Events|Fraction of Population annually exposed to Wildfires,Fragmented World,0.037890945,0.059045359,0.070787352,0.072700522,0.070479213,0.070479213,0.081289671,0.083372856,0.083372856,0.08492776,0.080741669,0.087858624,0.094218647
Extreme Events|Fraction of Population annually exposed to WildfiresNationally Determined Contributions (NDCs),United Kingdom,Extreme Events|Fraction of Population annually exposed to Wildfires,Nationally Determined Contributions (NDCs),0.037890945,0.059045359,0.070787352,0.074959151,0.072700522,0.070479213,0.081289671,0.081289671,0.083372856,0.08492776,0.08492776,0.080741669,0.080741669
Extreme Events|Fraction of Population annually exposed to WildfiresBelow 2°C,United Kingdom,Extreme Events|Fraction of Population annually exposed to Wildfires,Below 2°C,0.037890945,0.059045359,0.070787352,0.074959151,0.072700522,0.072700522,0.070479213,0.072700522,0.070479213,0.072700522,0.072700522,0.072700522,0.072700522
Extreme Events|Fraction of Population annually exposed to WildfiresLow demand,United Kingdom,Extreme Events|Fraction of Population annually exposed to Wildfires,Low demand,0.037890945,0.059045359,0.070787352,0.074959151,0.074959151,0.070787352,0.070787352,0.059045359,0.059045359,0.047390332,0.037890945,0.027732315,0.027732315
Extreme Events|Land fraction annually exposed to HeatwavesCurrent Policies,United Kingdom,Extreme Events|Land fraction annually exposed to Heatwaves,Current Policies,1.96572685,2.659819542,2.901518793,3.420454782,3.951665638,4.640773773,5.315492695,5.755471066,6.106849304,6.742324759,7.164647031,8.241241447,9.044683735
Extreme Events|Land fraction annually exposed to HeatwavesDelayed transition,United Kingdom,Extreme Events|Land fraction annually exposed to Heatwaves,Delayed transition,1.96572685,2.659819542,2.901518793,3.420454782,3.420454782,3.951665638,3.951665638,3.951665638,3.951665638,3.420454782,3.420454782,3.420454782,3.420454782
Extreme Events|Land fraction annually exposed to HeatwavesNet Zero 2050,United Kingdom,Extreme Events|Land fraction annually exposed to Heatwaves,Net Zero 2050,1.96572685,2.659819542,2.901518793,3.164883785,3.164883785,3.164883785,3.164883785,2.901518793,2.901518793,2.901518793,2.659819542,2.659819542,2.258185041
Extreme Events|Land fraction annually exposed to HeatwavesFragmented World,United Kingdom,Extreme Events|Land fraction annually exposed to Heatwaves,Fragmented World,1.96572685,2.659819542,2.901518793,3.420454782,3.951665638,3.951665638,4.640773773,5.315492695,5.315492695,5.755471066,6.106849304,6.509132822,6.742324759
Extreme Events|Land fraction annually exposed to HeatwavesNationally Determined Contributions (NDCs),United Kingdom,Extreme Events|Land fraction annually exposed to Heatwaves,Nationally Determined Contributions (NDCs),1.96572685,2.659819542,2.901518793,3.164883785,3.420454782,3.951665638,4.640773773,4.640773773,5.315492695,5.755471066,5.755471066,6.106849304,6.106849304
Extreme Events|Land fraction annually exposed to HeatwavesBelow 2°C,United Kingdom,Extreme Events|Land fraction annually exposed to Heatwaves,Below 2°C,1.96572685,2.659819542,2.901518793,3.164883785,3.420454782,3.420454782,3.951665638,3.420454782,3.951665638,3.420454782,3.420454782,3.420454782,3.420454782
Extreme Events|Land fraction annually exposed to HeatwavesLow demand,United Kingdom,Extreme Events|Land fraction annually exposed to Heatwaves,Low demand,1.96572685,2.659819542,2.901518793,3.164883785,3.164883785,2.901518793,2.901518793,2.659819542,2.659819542,2.258185041,1.96572685,1.641061736,1.641061736
Extreme Events|Fraction of Population annually exposed to HeatwavesCurrent Policies,United Kingdom,Extreme Events|Fraction of Population annually exposed to Heatwaves,Current Policies,1.96572685,2.659819542,2.901518793,3.420454782,3.951665638,4.640773773,5.315492695,5.755471066,6.106849304,6.742324759,7.164647031,8.241241447,9.044683735
Extreme Events|Fraction of Population annually exposed to HeatwavesDelayed transition,United Kingdom,Extreme Events|Fraction of Population annually exposed to Heatwaves,Delayed transition,1.96572685,2.659819542,2.901518793,3.420454782,3.420454782,3.951665638,3.951665638,3.951665638,3.951665638,3.420454782,3.420454782,3.420454782,3.420454782
Extreme Events|Fraction of Population annually exposed to HeatwavesNet Zero 2050,United Kingdom,Extreme Events|Fraction of Population annually exposed to Heatwaves,Net Zero 2050,1.96572685,2.659819542,2.901518793,3.164883785,3.164883785,3.164883785,3.164883785,2.901518793,2.901518793,2.901518793,2.659819542,2.659819542,2.258185041
Extreme Events|Fraction of Population annually exposed to HeatwavesFragmented World,United Kingdom,Extreme Events|Fraction of Population annually exposed to Heatwaves,Fragmented World,1.96572685,2.659819542,2.901518793,3.420454782,3.951665638,3.951665638,4.640773773,5.315492695,5.315492695,5.755471066,6.106849304,6.509132822,6.742324759
Extreme Events|Fraction of Population annually exposed to HeatwavesNationally Determined Contributions (NDCs),United Kingdom,Extreme Events|Fraction of Population annually exposed to Heatwaves,Nationally Determined Contributions (NDCs),1.96572685,2.659819542,2.901518793,3.164883785,3.420454782,3.951665638,4.640773773,4.640773773,5.315492695,5.755471066,5.755471066,6.106849304,6.106849304
Extreme Events|Fraction of Population annually exposed to HeatwavesBelow 2°C,United Kingdom,Extreme Events|Fraction of Population annually exposed to Heatwaves,Below 2°C,1.96572685,2.659819542,2.901518793,3.164883785,3.420454782,3.420454782,3.951665638,3.420454782,3.951665638,3.420454782,3.420454782,3.420454782,3.420454782
Extreme Events|Fraction of Population annually exposed to HeatwavesLow demand,United Kingdom,Extreme Events|Fraction of Population annually exposed to Heatwaves,Low demand,1.96572685,2.659819542,2.901518793,3.164883785,3.164883785,2.901518793,2.901518793,2.659819542,2.659819542,2.258185041,1.96572685,1.641061736,1.641061736
Economic Damages|Labour Productivity due to Heat StressCurrent Policies,United Kingdom,Economic Damages|Labour Productivity due to Heat Stress,Current Policies,-1.246478856,-1.566307715,-1.730629801,-2.0920227,-2.291736377,-2.511329192,-2.683677949,-2.867215426,-3.068975755,-3.530995727,-3.978935565,-4.391237267,-4.979430965
Economic Damages|Labour Productivity due to Heat StressDelayed transition,United Kingdom,Economic Damages|Labour Productivity due to Heat Stress,Delayed transition,-1.246478856,-1.566307715,-1.730629801,-2.0920227,-2.0920227,-2.291736377,-2.291736377,-2.291736377,-2.291736377,-2.0920227,-2.0920227,-2.0920227,-2.0920227
Economic Damages|Labour Productivity due to Heat StressNet Zero 2050,United Kingdom,Economic Damages|Labour Productivity due to Heat Stress,Net Zero 2050,-1.246478856,-1.566307715,-1.730629801,-1.903707815,-1.903707815,-1.903707815,-1.903707815,-1.730629801,-1.730629801,-1.730629801,-1.566307715,-1.566307715,-1.408289055
Economic Damages|Labour Productivity due to Heat StressFragmented World,United Kingdom,Economic Damages|Labour Productivity due to Heat Stress,Fragmented World,-1.246478856,-1.566307715,-1.730629801,-2.0920227,-2.291736377,-2.291736377,-2.511329192,-2.683677949,-2.683677949,-2.867215426,-3.068975755,-3.299152179,-3.530995727
Economic Damages|Labour Productivity due to Heat StressNationally Determined Contributions (NDCs),United Kingdom,Economic Damages|Labour Productivity due to Heat Stress,Nationally Determined Contributions (NDCs),-1.246478856,-1.566307715,-1.730629801,-1.903707815,-2.0920227,-2.291736377,-2.511329192,-2.511329192,-2.683677949,-2.867215426,-2.867215426,-3.068975755,-3.068975755
Economic Damages|Labour Productivity due to Heat StressBelow 2°C,United Kingdom,Economic Damages|Labour Productivity due to Heat Stress,Below 2°C,-1.246478856,-1.566307715,-1.730629801,-1.903707815,-2.0920227,-2.0920227,-2.291736377,-2.0920227,-2.291736377,-2.0920227,-2.0920227,-2.0920227,-2.0920227
Economic Damages|Labour Productivity due to Heat StressLow demand,United Kingdom,Economic Damages|Labour Productivity due to Heat Stress,Low demand,-1.246478856,-1.566307715,-1.730629801,-1.903707815,-1.903707815,-1.730629801,-1.730629801,-1.566307715,-1.566307715,-1.408289055,-1.246478856,-1.025088207,-1.025088207
Economic Damages|Annual Expected Damage from River FloodsCurrent Policies,United Kingdom,Economic Damages|Annual Expected Damage from River Floods,Current Policies,11.06989419,32.05271042,37.1738618,32.86002246,29.19309722,25.57757543,20.74537089,14.8017113,15.89916985,25.11787125,16.24501174,16.44638769,23.04832576
Economic Damages|Annual Expected Damage from River FloodsDelayed transition,United Kingdom,Economic Damages|Annual Expected Damage from River Floods,Delayed transition,11.06989419,32.05271042,37.1738618,32.86002246,32.86002246,29.19309722,29.19309722,29.19309722,29.19309722,32.86002246,32.86002246,32.86002246,32.86002246
Economic Damages|Annual Expected Damage from River FloodsNet Zero 2050,United Kingdom,Economic Damages|Annual Expected Damage from River Floods,Net Zero 2050,11.06989419,32.05271042,37.1738618,35.32964223,35.32964223,35.32964223,35.32964223,37.1738618,37.1738618,37.1738618,32.05271042,32.05271042,23.89652723
Economic Damages|Annual Expected Damage from River FloodsFragmented World,United Kingdom,Economic Damages|Annual Expected Damage from River Floods,Fragmented World,11.06989419,32.05271042,37.1738618,32.86002246,29.19309722,29.19309722,25.57757543,20.74537089,20.74537089,14.8017113,15.89916985,21.83571213,25.11787125
Economic Damages|Annual Expected Damage from River FloodsNationally Determined Contributions (NDCs),United Kingdom,Economic Damages|Annual Expected Damage from River Floods,Nationally Determined Contributions (NDCs),11.06989419,32.05271042,37.1738618,35.32964223,32.86002246,29.19309722,25.57757543,25.57757543,20.74537089,14.8017113,14.8017113,15.89916985,15.89916985
Economic Damages|Annual Expected Damage from River FloodsBelow 2°C,United Kingdom,Economic Damages|Annual Expected Damage from River Floods,Below 2°C,11.06989419,32.05271042,37.1738618,35.32964223,32.86002246,32.86002246,29.19309722,32.86002246,29.19309722,32.86002246,32.86002246,32.86002246,32.86002246
Economic Damages|Annual Expected Damage from River FloodsLow demand,United Kingdom,Economic Damages|Annual Expected Damage from River Floods,Low demand,11.06989419,32.05271042,37.1738618,35.32964223,35.32964223,37.1738618,37.1738618,32.05271042,32.05271042,23.89652723,11.06989419,-2.234961848,-2.234961848
Economic Damages|Annual Expected Damage from Tropical CyclonesCurrent Policies,United Kingdom,Economic Damages|Annual Expected Damage from Tropical Cyclones,Current Policies,2.853958482,6.63451197,8.933298316,13.02719891,16.10099591,19.13244432,21.01380313,23.63975358,26.53448031,32.24780036,37.63410832,41.52213147,45.86545589
Economic Damages|Annual Expected Damage from Tropical CyclonesDelayed transition,United Kingdom,Economic Damages|Annual Expected Damage from Tropical Cyclones,Delayed transition,2.853958482,6.63451197,8.933298316,13.02719891,13.02719891,16.10099591,16.10099591,16.10099591,16.10099591,13.02719891,13.02719891,13.02719891,13.02719891
Economic Damages|Annual Expected Damage from Tropical CyclonesNet Zero 2050,United Kingdom,Economic Damages|Annual Expected Damage from Tropical Cyclones,Net Zero 2050,2.853958482,6.63451197,8.933298316,10.76009217,10.76009217,10.76009217,10.76009217,8.933298316,8.933298316,8.933298316,6.63451197,6.63451197,4.345355199
Economic Damages|Annual Expected Damage from Tropical CyclonesFragmented World,United Kingdom,Economic Damages|Annual Expected Damage from Tropical Cyclones,Fragmented World,2.853958482,6.63451197,8.933298316,13.02719891,16.10099591,16.10099591,19.13244432,21.01380313,21.01380313,23.63975358,26.53448031,29.42920705,32.24780036
Economic Damages|Annual Expected Damage from Tropical CyclonesNationally Determined Contributions (NDCs),United Kingdom,Economic Damages|Annual Expected Damage from Tropical Cyclones,Nationally Determined Contributions (NDCs),2.853958482,6.63451197,8.933298316,10.76009217,13.02719891,16.10099591,19.13244432,19.13244432,21.01380313,23.63975358,23.63975358,26.53448031,26.53448031
Economic Damages|Annual Expected Damage from Tropical CyclonesBelow 2°C,United Kingdom,Economic Damages|Annual Expected Damage from Tropical Cyclones,Below 2°C,2.853958482,6.63451197,8.933298316,10.76009217,13.02719891,13.02719891,16.10099591,13.02719891,16.10099591,13.02719891,13.02719891,13.02719891,13.02719891
Economic Damages|Annual Expected Damage from Tropical CyclonesLow demand,United Kingdom,Economic Damages|Annual Expected Damage from Tropical Cyclones,Low demand,2.853958482,6.63451197,8.933298316,10.76009217,10.76009217,8.933298316,8.933298316,6.63451197,6.63451197,4.345355199,2.853958482,1.295004237,1.295004237
Economic Damages|1-in-100-Year Expected Damage from Tropical CyclonesCurrent Policies,United Kingdom,Economic Damages|1-in-100-Year Expected Damage from Tropical Cyclones,Current Policies,2.679095824,6.215191071,8.36395914,12.16796114,15.01150799,17.80528074,19.53491229,21.93687502,24.57397413,29.75923937,34.60577952,38.07792856,41.94233671
Economic Damages|1-in-100-Year Expected Damage from Tropical CyclonesDelayed transition,United Kingdom,Economic Damages|1-in-100-Year Expected Damage from Tropical Cyclones,Delayed transition,2.679095824,6.215191071,8.36395914,12.16796114,12.16796114,15.01150799,15.01150799,15.01150799,15.01150799,12.16796114,12.16796114,12.16796114,12.16796114
Economic Damages|1-in-100-Year Expected Damage from Tropical CyclonesNet Zero 2050,United Kingdom,Economic Damages|1-in-100-Year Expected Damage from Tropical Cyclones,Net Zero 2050,2.679095824,6.215191071,8.36395914,10.06551787,10.06551787,10.06551787,10.06551787,8.36395914,8.36395914,8.36395914,6.215191071,6.215191071,4.074340245
Economic Damages|1-in-100-Year Expected Damage from Tropical CyclonesFragmented World,United Kingdom,Economic Damages|1-in-100-Year Expected Damage from Tropical Cyclones,Fragmented World,2.679095824,6.215191071,8.36395914,12.16796114,15.01150799,15.01150799,17.80528074,19.53491229,19.53491229,21.93687502,24.57397413,27.21107323,29.75923937
Economic Damages|1-in-100-Year Expected Damage from Tropical CyclonesNationally Determined Contributions (NDCs),United Kingdom,Economic Damages|1-in-100-Year Expected Damage from Tropical Cyclones,Nationally Determined Contributions (NDCs),2.679095824,6.215191071,8.36395914,10.06551787,12.16796114,15.01150799,17.80528074,17.80528074,19.53491229,21.93687502,21.93687502,24.57397413,24.57397413
Economic Damages|1-in-100-Year Expected Damage from Tropical CyclonesBelow 2°C,United Kingdom,Economic Damages|1-in-100-Year Expected Damage from Tropical Cyclones,Below 2°C,2.679095824,6.215191071,8.36395914,10.06551787,12.16796114,12.16796114,15.01150799,12.16796114,15.01150799,12.16796114,12.16796114,12.16796114,12.16796114
Economic Damages|1-in-100-Year Expected Damage from Tropical CyclonesLow demand,United Kingdom,Economic Damages|1-in-100-Year Expected Damage from Tropical Cyclones,Low demand,2.679095824,6.215191071,8.36395914,10.06551787,10.06551787,8.36395914,8.36395914,6.215191071,6.215191071,4.074340245,2.679095824,1.216023305,1.216023305
